{
  "countries": [
    {
      "id": "AFG",
      "iso2": "AF",
      "iso_numeric": "004",
      "name_en": "Afghanistan",
      "name_native": "Afghanistan",
      "un_region": "Asia",
      "un_subregion": "Southern Asia"
    },
    {
      "id": "ALA",
      "iso2": "AX",
      "iso_numeric": "248",
      "name_en": "Åland Islands",
      "name_native": "Åland Islands",
      "un_region": "Europe",
      "un_subregion": "Northern Europe"
    },
    {
      "id": "ALB",
      "iso2": "AL",
      "iso_numeric": "008",
      "name_en": "Albania",
      "name_native": "Albania",
      "un_region": "Europe",
      "un_subregion": "Southern Europe"
    },
    {
      "id": "DZA",
      "iso2": "DZ",
      "iso_numeric": "012",
      "name_en": "Algeria",
      "name_native": "Algeria",
      "un_region": "Africa",
      "un_subregion": "Northern Africa"
    },
    {
      "id": "ASM",
      "iso2": "AS",
      "iso_numeric": "016",
      "name_en": "American Samoa",
      "name_native": "American Samoa",
      "un_region": "Oceania",
      "un_subregion": "Polynesia"
    },
    {
      "id": "AND",
      "iso2": "AD",
      "iso_numeric": "020",
      "name_en": "Andorra",
      "name_native": "Andorra",
      "un_region": "Europe",
      "un_subregion": "Southern Europe"
    },
    {
      "id": "AGO",
      "iso2": "AO",
      "iso_numeric": "024",
      "name_en": "Angola",
      "name_native": "Angola",
      "un_region": "Africa",
      "un_subregion": "Sub-Saharan Africa"
    },
    {
      "id": "AIA",
      "iso2": "AI",
      "iso_numeric": "660",
      "name_en": "Anguilla",
      "name_native": "Anguilla",
      "un_region": "Americas",
      "un_subregion": "Latin America and the Caribbean"
    },
    {
      "id": "ATA",
      "iso2": "AQ",
      "iso_numeric": "010",
      "name_en": "Antarctica",
      "name_native": "Antarctica",
      "un_region": "Antarctic",
      "un_subregion": "Antarctica"
    },
    {
      "id": "ATG",
      "iso2": "AG",
      "iso_numeric": "028",
      "name_en": "Antigua and Barbuda",
      "name_native": "Antigua and Barbuda",
      "un_region": "Americas",
      "un_subregion": "Latin America and the Caribbean"
    },
    {
      "id": "ARG",
      "iso2": "AR",
      "iso_numeric": "032",
      "name_en": "Argentina",
      "name_native": "Argentina",
      "un_region": "Americas",
      "un_subregion": "Latin America and the Caribbean"
    },
    {
      "id": "ARM",
      "iso2": "AM",
      "iso_numeric": "051",
      "name_en": "Armenia",
      "name_native": "Armenia",
      "un_region": "Asia",
      "un_subregion": "Western Asia"
    },
    {
      "id": "ABW",
      "iso2": "AW",
      "iso_numeric": "533",
      "name_en": "Aruba",
      "name_native": "Aruba",
      "un_region": "Americas",
      "un_subregion": "Latin America and the Caribbean"
    },
    {
      "id": "AUS",
      "iso2": "AU",
      "iso_numeric": "036",
      "name_en": "Australia",
      "name_native": "Australia",
      "un_region": "Oceania",
      "un_subregion": "Australia and New Zealand"
    },
    {
      "id": "AUT",
      "iso2": "AT",
      "iso_numeric": "040",
      "name_en": "Austria",
      "name_native": "Austria",
      "un_region": "Europe",
      "un_subregion": "Western Europe"
    },
    {
      "id": "AZE",
      "iso2": "AZ",
      "iso_numeric": "031",
      "name_en": "Azerbaijan",
      "name_native": "Azerbaijan",
      "un_region": "Asia",
      "un_subregion": "Western Asia"
    },
    {
      "id": "BHS",
      "iso2": "BS",
      "iso_numeric": "044",
      "name_en": "Bahamas",
      "name_native": "Bahamas",
      "un_region": "Americas",
      "un_subregion": "Latin America and the Caribbean"
    },
    {
      "id": "BHR",
      "iso2": "BH",
      "iso_numeric": "048",
      "name_en": "Bahrain",
      "name_native": "Bahrain",
      "un_region": "Asia",
      "un_subregion": "Western Asia"
    },
    {
      "id": "BGD",
      "iso2": "BD",
      "iso_numeric": "050",
      "name_en": "Bangladesh",
      "name_native": "Bangladesh",
      "un_region": "Asia",
      "un_subregion": "Southern Asia"
    },
    {
      "id": "BRB",
      "iso2": "BB",
      "iso_numeric": "052",
      "name_en": "Barbados",
      "name_native": "Barbados",
      "un_region": "Americas",
      "un_subregion": "Latin America and the Caribbean"
    },
    {
      "id": "BLR",
      "iso2": "BY",
      "iso_numeric": "112",
      "name_en": "Belarus",
      "name_native": "Belarus",
      "un_region": "Europe",
      "un_subregion": "Eastern Europe"
    },
    {
      "id": "BEL",
      "iso2": "BE",
      "iso_numeric": "056",
      "name_en": "Belgium",
      "name_native": "Belgium",
      "un_region": "Europe",
      "un_subregion": "Western Europe"
    },
    {
      "id": "BLZ",
      "iso2": "BZ",
      "iso_numeric": "084",
      "name_en": "Belize",
      "name_native": "Belize",
      "un_region": "Americas",
      "un_subregion": "Latin America and the Caribbean"
    },
    {
      "id": "BEN",
      "iso2": "BJ",
      "iso_numeric": "204",
      "name_en": "Benin",
      "name_native": "Benin",
      "un_region": "Africa",
      "un_subregion": "Sub-Saharan Africa"
    },
    {
      "id": "BMU",
      "iso2": "BM",
      "iso_numeric": "060",
      "name_en": "Bermuda",
      "name_native": "Bermuda",
      "un_region": "Americas",
      "un_subregion": "Northern America"
    },
    {
      "id": "BTN",
      "iso2": "BT",
      "iso_numeric": "064",
      "name_en": "Bhutan",
      "name_native": "Bhutan",
      "un_region": "Asia",
      "un_subregion": "Southern Asia"
    },
    {
      "id": "BOL",
      "iso2": "BO",
      "iso_numeric": "068",
      "name_en": "Bolivia, Plurinational State of",
      "name_native": "Bolivia, Plurinational State of",
      "un_region": "Americas",
      "un_subregion": "Latin America and the Caribbean"
    },
    {
      "id": "BES",
      "iso2": "BQ",
      "iso_numeric": "535",
      "name_en": "Bonaire, Sint Eustatius and Saba",
      "name_native": "Bonaire, Sint Eustatius and Saba",
      "un_region": "Americas",
      "un_subregion": "Latin America and the Caribbean"
    },
    {
      "id": "BIH",
      "iso2": "BA",
      "iso_numeric": "070",
      "name_en": "Bosnia and Herzegovina",
      "name_native": "Bosnia and Herzegovina",
      "un_region": "Europe",
      "un_subregion": "Southern Europe"
    },
    {
      "id": "BWA",
      "iso2": "BW",
      "iso_numeric": "072",
      "name_en": "Botswana",
      "name_native": "Botswana",
      "un_region": "Africa",
      "un_subregion": "Sub-Saharan Africa"
    },
    {
      "id": "BVT",
      "iso2": "BV",
      "iso_numeric": "074",
      "name_en": "Bouvet Island",
      "name_native": "Bouvet Island",
      "un_region": "Americas",
      "un_subregion": "Latin America and the Caribbean"
    },
    {
      "id": "BRA",
      "iso2": "BR",
      "iso_numeric": "076",
      "name_en": "Brazil",
      "name_native": "Brazil",
      "un_region": "Americas",
      "un_subregion": "Latin America and the Caribbean"
    },
    {
      "id": "IOT",
      "iso2": "IO",
      "iso_numeric": "086",
      "name_en": "British Indian Ocean Territory",
      "name_native": "British Indian Ocean Territory",
      "un_region": "Africa",
      "un_subregion": "Sub-Saharan Africa"
    },
    {
      "id": "BRN",
      "iso2": "BN",
      "iso_numeric": "096",
      "name_en": "Brunei Darussalam",
      "name_native": "Brunei Darussalam",
      "un_region": "Asia",
      "un_subregion": "South-eastern Asia"
    },
    {
      "id": "BGR",
      "iso2": "BG",
      "iso_numeric": "100",
      "name_en": "Bulgaria",
      "name_native": "Bulgaria",
      "un_region": "Europe",
      "un_subregion": "Eastern Europe"
    },
    {
      "id": "BFA",
      "iso2": "BF",
      "iso_numeric": "854",
      "name_en": "Burkina Faso",
      "name_native": "Burkina Faso",
      "un_region": "Africa",
      "un_subregion": "Sub-Saharan Africa"
    },
    {
      "id": "BDI",
      "iso2": "BI",
      "iso_numeric": "108",
      "name_en": "Burundi",
      "name_native": "Burundi",
      "un_region": "Africa",
      "un_subregion": "Sub-Saharan Africa"
    },
    {
      "id": "CPV",
      "iso2": "CV",
      "iso_numeric": "132",
      "name_en": "Cabo Verde",
      "name_native": "Cabo Verde",
      "un_region": "Africa",
      "un_subregion": "Sub-Saharan Africa"
    },
    {
      "id": "KHM",
      "iso2": "KH",
      "iso_numeric": "116",
      "name_en": "Cambodia",
      "name_native": "Cambodia",
      "un_region": "Asia",
      "un_subregion": "South-eastern Asia"
    },
    {
      "id": "CMR",
      "iso2": "CM",
      "iso_numeric": "120",
      "name_en": "Cameroon",
      "name_native": "Cameroon",
      "un_region": "Africa",
      "un_subregion": "Sub-Saharan Africa"
    },
    {
      "id": "CAN",
      "iso2": "CA",
      "iso_numeric": "124",
      "name_en": "Canada",
      "name_native": "Canada",
      "un_region": "Americas",
      "un_subregion": "Northern America"
    },
    {
      "id": "CYM",
      "iso2": "KY",
      "iso_numeric": "136",
      "name_en": "Cayman Islands",
      "name_native": "Cayman Islands",
      "un_region": "Americas",
      "un_subregion": "Latin America and the Caribbean"
    },
    {
      "id": "CAF",
      "iso2": "CF",
      "iso_numeric": "140",
      "name_en": "Central African Republic",
      "name_native": "Central African Republic",
      "un_region": "Africa",
      "un_subregion": "Sub-Saharan Africa"
    },
    {
      "id": "TCD",
      "iso2": "TD",
      "iso_numeric": "148",
      "name_en": "Chad",
      "name_native": "Chad",
      "un_region": "Africa",
      "un_subregion": "Sub-Saharan Africa"
    },
    {
      "id": "CHL",
      "iso2": "CL",
      "iso_numeric": "152",
      "name_en": "Chile",
      "name_native": "Chile",
      "un_region": "Americas",
      "un_subregion": "Latin America and the Caribbean"
    },
    {
      "id": "CHN",
      "iso2": "CN",
      "iso_numeric": "156",
      "name_en": "China",
      "name_native": "China",
      "un_region": "Asia",
      "un_subregion": "Eastern Asia"
    },
    {
      "id": "CXR",
      "iso2": "CX",
      "iso_numeric": "162",
      "name_en": "Christmas Island",
      "name_native": "Christmas Island",
      "un_region": "Oceania",
      "un_subregion": "Australia and New Zealand"
    },
    {
      "id": "CCK",
      "iso2": "CC",
      "iso_numeric": "166",
      "name_en": "Cocos (Keeling) Islands",
      "name_native": "Cocos (Keeling) Islands",
      "un_region": "Oceania",
      "un_subregion": "Australia and New Zealand"
    },
    {
      "id": "COL",
      "iso2": "CO",
      "iso_numeric": "170",
      "name_en": "Colombia",
      "name_native": "Colombia",
      "un_region": "Americas",
      "un_subregion": "Latin America and the Caribbean"
    },
    {
      "id": "COM",
      "iso2": "KM",
      "iso_numeric": "174",
      "name_en": "Comoros",
      "name_native": "Comoros",
      "un_region": "Africa",
      "un_subregion": "Sub-Saharan Africa"
    },
    {
      "id": "COG",
      "iso2": "CG",
      "iso_numeric": "178",
      "name_en": "Congo",
      "name_native": "Congo",
      "un_region": "Africa",
      "un_subregion": "Sub-Saharan Africa"
    },
    {
      "id": "COD",
      "iso2": "CD",
      "iso_numeric": "180",
      "name_en": "Congo, Democratic Republic of the",
      "name_native": "Congo, Democratic Republic of the",
      "un_region": "Africa",
      "un_subregion": "Sub-Saharan Africa"
    },
    {
      "id": "COK",
      "iso2": "CK",
      "iso_numeric": "184",
      "name_en": "Cook Islands",
      "name_native": "Cook Islands",
      "un_region": "Oceania",
      "un_subregion": "Polynesia"
    },
    {
      "id": "CRI",
      "iso2": "CR",
      "iso_numeric": "188",
      "name_en": "Costa Rica",
      "name_native": "Costa Rica",
      "un_region": "Americas",
      "un_subregion": "Latin America and the Caribbean"
    },
    {
      "id": "CIV",
      "iso2": "CI",
      "iso_numeric": "384",
      "name_en": "Côte d'Ivoire",
      "name_native": "Côte d'Ivoire",
      "un_region": "Africa",
      "un_subregion": "Sub-Saharan Africa"
    },
    {
      "id": "HRV",
      "iso2": "HR",
      "iso_numeric": "191",
      "name_en": "Croatia",
      "name_native": "Croatia",
      "un_region": "Europe",
      "un_subregion": "Southern Europe"
    },
    {
      "id": "CUB",
      "iso2": "CU",
      "iso_numeric": "192",
      "name_en": "Cuba",
      "name_native": "Cuba",
      "un_region": "Americas",
      "un_subregion": "Latin America and the Caribbean"
    },
    {
      "id": "CUW",
      "iso2": "CW",
      "iso_numeric": "531",
      "name_en": "Curaçao",
      "name_native": "Curaçao",
      "un_region": "Americas",
      "un_subregion": "Latin America and the Caribbean"
    },
    {
      "id": "CYP",
      "iso2": "CY",
      "iso_numeric": "196",
      "name_en": "Cyprus",
      "name_native": "Cyprus",
      "un_region": "Asia",
      "un_subregion": "Western Asia"
    },
    {
      "id": "CZE",
      "iso2": "CZ",
      "iso_numeric": "203",
      "name_en": "Czechia",
      "name_native": "Czechia",
      "un_region": "Europe",
      "un_subregion": "Eastern Europe"
    },
    {
      "id": "DNK",
      "iso2": "DK",
      "iso_numeric": "208",
      "name_en": "Denmark",
      "name_native": "Denmark",
      "un_region": "Europe",
      "un_subregion": "Northern Europe"
    },
    {
      "id": "DJI",
      "iso2": "DJ",
      "iso_numeric": "262",
      "name_en": "Djibouti",
      "name_native": "Djibouti",
      "un_region": "Africa",
      "un_subregion": "Sub-Saharan Africa"
    },
    {
      "id": "DMA",
      "iso2": "DM",
      "iso_numeric": "212",
      "name_en": "Dominica",
      "name_native": "Dominica",
      "un_region": "Americas",
      "un_subregion": "Latin America and the Caribbean"
    },
    {
      "id": "DOM",
      "iso2": "DO",
      "iso_numeric": "214",
      "name_en": "Dominican Republic",
      "name_native": "Dominican Republic",
      "un_region": "Americas",
      "un_subregion": "Latin America and the Caribbean"
    },
    {
      "id": "ECU",
      "iso2": "EC",
      "iso_numeric": "218",
      "name_en": "Ecuador",
      "name_native": "Ecuador",
      "un_region": "Americas",
      "un_subregion": "Latin America and the Caribbean"
    },
    {
      "id": "EGY",
      "iso2": "EG",
      "iso_numeric": "818",
      "name_en": "Egypt",
      "name_native": "Egypt",
      "un_region": "Africa",
      "un_subregion": "Northern Africa"
    },
    {
      "id": "SLV",
      "iso2": "SV",
      "iso_numeric": "222",
      "name_en": "El Salvador",
      "name_native": "El Salvador",
      "un_region": "Americas",
      "un_subregion": "Latin America and the Caribbean"
    },
    {
      "id": "GNQ",
      "iso2": "GQ",
      "iso_numeric": "226",
      "name_en": "Equatorial Guinea",
      "name_native": "Equatorial Guinea",
      "un_region": "Africa",
      "un_subregion": "Sub-Saharan Africa"
    },
    {
      "id": "ERI",
      "iso2": "ER",
      "iso_numeric": "232",
      "name_en": "Eritrea",
      "name_native": "Eritrea",
      "un_region": "Africa",
      "un_subregion": "Sub-Saharan Africa"
    },
    {
      "id": "EST",
      "iso2": "EE",
      "iso_numeric": "233",
      "name_en": "Estonia",
      "name_native": "Estonia",
      "un_region": "Europe",
      "un_subregion": "Northern Europe"
    },
    {
      "id": "SWZ",
      "iso2": "SZ",
      "iso_numeric": "748",
      "name_en": "Eswatini",
      "name_native": "Eswatini",
      "un_region": "Africa",
      "un_subregion": "Sub-Saharan Africa"
    },
    {
      "id": "ETH",
      "iso2": "ET",
      "iso_numeric": "231",
      "name_en": "Ethiopia",
      "name_native": "Ethiopia",
      "un_region": "Africa",
      "un_subregion": "Sub-Saharan Africa"
    },
    {
      "id": "FLK",
      "iso2": "FK",
      "iso_numeric": "238",
      "name_en": "Falkland Islands (Malvinas)",
      "name_native": "Falkland Islands (Malvinas)",
      "un_region": "Americas",
      "un_subregion": "Latin America and the Caribbean"
    },
    {
      "id": "FRO",
      "iso2": "FO",
      "iso_numeric": "234",
      "name_en": "Faroe Islands",
      "name_native": "Faroe Islands",
      "un_region": "Europe",
      "un_subregion": "Northern Europe"
    },
    {
      "id": "FJI",
      "iso2": "FJ",
      "iso_numeric": "242",
      "name_en": "Fiji",
      "name_native": "Fiji",
      "un_region": "Oceania",
      "un_subregion": "Melanesia"
    },
    {
      "id": "FIN",
      "iso2": "FI",
      "iso_numeric": "246",
      "name_en": "Finland",
      "name_native": "Finland",
      "un_region": "Europe",
      "un_subregion": "Northern Europe"
    },
    {
      "id": "FRA",
      "iso2": "FR",
      "iso_numeric": "250",
      "name_en": "France",
      "name_native": "France",
      "un_region": "Europe",
      "un_subregion": "Western Europe"
    },
    {
      "id": "GUF",
      "iso2": "GF",
      "iso_numeric": "254",
      "name_en": "French Guiana",
      "name_native": "French Guiana",
      "un_region": "Americas",
      "un_subregion": "Latin America and the Caribbean"
    },
    {
      "id": "PYF",
      "iso2": "PF",
      "iso_numeric": "258",
      "name_en": "French Polynesia",
      "name_native": "French Polynesia",
      "un_region": "Oceania",
      "un_subregion": "Polynesia"
    },
    {
      "id": "ATF",
      "iso2": "TF",
      "iso_numeric": "260",
      "name_en": "French Southern Territories",
      "name_native": "French Southern Territories",
      "un_region": "Africa",
      "un_subregion": "Sub-Saharan Africa"
    },
    {
      "id": "GAB",
      "iso2": "GA",
      "iso_numeric": "266",
      "name_en": "Gabon",
      "name_native": "Gabon",
      "un_region": "Africa",
      "un_subregion": "Sub-Saharan Africa"
    },
    {
      "id": "GMB",
      "iso2": "GM",
      "iso_numeric": "270",
      "name_en": "Gambia",
      "name_native": "Gambia",
      "un_region": "Africa",
      "un_subregion": "Sub-Saharan Africa"
    },
    {
      "id": "GEO",
      "iso2": "GE",
      "iso_numeric": "268",
      "name_en": "Georgia",
      "name_native": "Georgia",
      "un_region": "Asia",
      "un_subregion": "Western Asia"
    },
    {
      "id": "DEU",
      "iso2": "DE",
      "iso_numeric": "276",
      "name_en": "Germany",
      "name_native": "Germany",
      "un_region": "Europe",
      "un_subregion": "Western Europe"
    },
    {
      "id": "GHA",
      "iso2": "GH",
      "iso_numeric": "288",
      "name_en": "Ghana",
      "name_native": "Ghana",
      "un_region": "Africa",
      "un_subregion": "Sub-Saharan Africa"
    },
    {
      "id": "GIB",
      "iso2": "GI",
      "iso_numeric": "292",
      "name_en": "Gibraltar",
      "name_native": "Gibraltar",
      "un_region": "Europe",
      "un_subregion": "Southern Europe"
    },
    {
      "id": "GRC",
      "iso2": "GR",
      "iso_numeric": "300",
      "name_en": "Greece",
      "name_native": "Greece",
      "un_region": "Europe",
      "un_subregion": "Southern Europe"
    },
    {
      "id": "GRL",
      "iso2": "GL",
      "iso_numeric": "304",
      "name_en": "Greenland",
      "name_native": "Greenland",
      "un_region": "Americas",
      "un_subregion": "Northern America"
    },
    {
      "id": "GRD",
      "iso2": "GD",
      "iso_numeric": "308",
      "name_en": "Grenada",
      "name_native": "Grenada",
      "un_region": "Americas",
      "un_subregion": "Latin America and the Caribbean"
    },
    {
      "id": "GLP",
      "iso2": "GP",
      "iso_numeric": "312",
      "name_en": "Guadeloupe",
      "name_native": "Guadeloupe",
      "un_region": "Americas",
      "un_subregion": "Latin America and the Caribbean"
    },
    {
      "id": "GUM",
      "iso2": "GU",
      "iso_numeric": "316",
      "name_en": "Guam",
      "name_native": "Guam",
      "un_region": "Oceania",
      "un_subregion": "Micronesia"
    },
    {
      "id": "GTM",
      "iso2": "GT",
      "iso_numeric": "320",
      "name_en": "Guatemala",
      "name_native": "Guatemala",
      "un_region": "Americas",
      "un_subregion": "Latin America and the Caribbean"
    },
    {
      "id": "GGY",
      "iso2": "GG",
      "iso_numeric": "831",
      "name_en": "Guernsey",
      "name_native": "Guernsey",
      "un_region": "Europe",
      "un_subregion": "Northern Europe"
    },
    {
      "id": "GIN",
      "iso2": "GN",
      "iso_numeric": "324",
      "name_en": "Guinea",
      "name_native": "Guinea",
      "un_region": "Africa",
      "un_subregion": "Sub-Saharan Africa"
    },
    {
      "id": "GNB",
      "iso2": "GW",
      "iso_numeric": "624",
      "name_en": "Guinea-Bissau",
      "name_native": "Guinea-Bissau",
      "un_region": "Africa",
      "un_subregion": "Sub-Saharan Africa"
    },
    {
      "id": "GUY",
      "iso2": "GY",
      "iso_numeric": "328",
      "name_en": "Guyana",
      "name_native": "Guyana",
      "un_region": "Americas",
      "un_subregion": "Latin America and the Caribbean"
    },
    {
      "id": "HTI",
      "iso2": "HT",
      "iso_numeric": "332",
      "name_en": "Haiti",
      "name_native": "Haiti",
      "un_region": "Americas",
      "un_subregion": "Latin America and the Caribbean"
    },
    {
      "id": "HMD",
      "iso2": "HM",
      "iso_numeric": "334",
      "name_en": "Heard Island and McDonald Islands",
      "name_native": "Heard Island and McDonald Islands",
      "un_region": "Oceania",
      "un_subregion": "Australia and New Zealand"
    },
    {
      "id": "VAT",
      "iso2": "VA",
      "iso_numeric": "336",
      "name_en": "Holy See",
      "name_native": "Holy See",
      "un_region": "Europe",
      "un_subregion": "Southern Europe"
    },
    {
      "id": "HND",
      "iso2": "HN",
      "iso_numeric": "340",
      "name_en": "Honduras",
      "name_native": "Honduras",
      "un_region": "Americas",
      "un_subregion": "Latin America and the Caribbean"
    },
    {
      "id": "HKG",
      "iso2": "HK",
      "iso_numeric": "344",
      "name_en": "Hong Kong",
      "name_native": "Hong Kong",
      "un_region": "Asia",
      "un_subregion": "Eastern Asia"
    },
    {
      "id": "HUN",
      "iso2": "HU",
      "iso_numeric": "348",
      "name_en": "Hungary",
      "name_native": "Hungary",
      "un_region": "Europe",
      "un_subregion": "Eastern Europe"
    },
    {
      "id": "ISL",
      "iso2": "IS",
      "iso_numeric": "352",
      "name_en": "Iceland",
      "name_native": "Iceland",
      "un_region": "Europe",
      "un_subregion": "Northern Europe"
    },
    {
      "id": "IND",
      "iso2": "IN",
      "iso_numeric": "356",
      "name_en": "India",
      "name_native": "India",
      "un_region": "Asia",
      "un_subregion": "Southern Asia"
    },
    {
      "id": "IDN",
      "iso2": "ID",
      "iso_numeric": "360",
      "name_en": "Indonesia",
      "name_native": "Indonesia",
      "un_region": "Asia",
      "un_subregion": "South-eastern Asia"
    },
    {
      "id": "IRN",
      "iso2": "IR",
      "iso_numeric": "364",
      "name_en": "Iran, Islamic Republic of",
      "name_native": "Iran, Islamic Republic of",
      "un_region": "Asia",
      "un_subregion": "Southern Asia"
    },
    {
      "id": "IRQ",
      "iso2": "IQ",
      "iso_numeric": "368",
      "name_en": "Iraq",
      "name_native": "Iraq",
      "un_region": "Asia",
      "un_subregion": "Western Asia"
    },
    {
      "id": "IRL",
      "iso2": "IE",
      "iso_numeric": "372",
      "name_en": "Ireland",
      "name_native": "Ireland",
      "un_region": "Europe",
      "un_subregion": "Northern Europe"
    },
    {
      "id": "IMN",
      "iso2": "IM",
      "iso_numeric": "833",
      "name_en": "Isle of Man",
      "name_native": "Isle of Man",
      "un_region": "Europe",
      "un_subregion": "Northern Europe"
    },
    {
      "id": "ISR",
      "iso2": "IL",
      "iso_numeric": "376",
      "name_en": "Israel",
      "name_native": "Israel",
      "un_region": "Asia",
      "un_subregion": "Western Asia"
    },
    {
      "id": "ITA",
      "iso2": "IT",
      "iso_numeric": "380",
      "name_en": "Italy",
      "name_native": "Italy",
      "un_region": "Europe",
      "un_subregion": "Southern Europe"
    },
    {
      "id": "JAM",
      "iso2": "JM",
      "iso_numeric": "388",
      "name_en": "Jamaica",
      "name_native": "Jamaica",
      "un_region": "Americas",
      "un_subregion": "Latin America and the Caribbean"
    },
    {
      "id": "JPN",
      "iso2": "JP",
      "iso_numeric": "392",
      "name_en": "Japan",
      "name_native": "Japan",
      "un_region": "Asia",
      "un_subregion": "Eastern Asia"
    },
    {
      "id": "JEY",
      "iso2": "JE",
      "iso_numeric": "832",
      "name_en": "Jersey",
      "name_native": "Jersey",
      "un_region": "Europe",
      "un_subregion": "Northern Europe"
    },
    {
      "id": "JOR",
      "iso2": "JO",
      "iso_numeric": "400",
      "name_en": "Jordan",
      "name_native": "Jordan",
      "un_region": "Asia",
      "un_subregion": "Western Asia"
    },
    {
      "id": "KAZ",
      "iso2": "KZ",
      "iso_numeric": "398",
      "name_en": "Kazakhstan",
      "name_native": "Kazakhstan",
      "un_region": "Asia",
      "un_subregion": "Central Asia"
    },
    {
      "id": "KEN",
      "iso2": "KE",
      "iso_numeric": "404",
      "name_en": "Kenya",
      "name_native": "Kenya",
      "un_region": "Africa",
      "un_subregion": "Sub-Saharan Africa"
    },
    {
      "id": "KIR",
      "iso2": "KI",
      "iso_numeric": "296",
      "name_en": "Kiribati",
      "name_native": "Kiribati",
      "un_region": "Oceania",
      "un_subregion": "Micronesia"
    },
    {
      "id": "PRK",
      "iso2": "KP",
      "iso_numeric": "408",
      "name_en": "Korea, Democratic People's Republic of",
      "name_native": "Korea, Democratic People's Republic of",
      "un_region": "Asia",
      "un_subregion": "Eastern Asia"
    },
    {
      "id": "KOR",
      "iso2": "KR",
      "iso_numeric": "410",
      "name_en": "Korea, Republic of",
      "name_native": "Korea, Republic of",
      "un_region": "Asia",
      "un_subregion": "Eastern Asia"
    },
    {
      "id": "KWT",
      "iso2": "KW",
      "iso_numeric": "414",
      "name_en": "Kuwait",
      "name_native": "Kuwait",
      "un_region": "Asia",
      "un_subregion": "Western Asia"
    },
    {
      "id": "KGZ",
      "iso2": "KG",
      "iso_numeric": "417",
      "name_en": "Kyrgyzstan",
      "name_native": "Kyrgyzstan",
      "un_region": "Asia",
      "un_subregion": "Central Asia"
    },
    {
      "id": "LAO",
      "iso2": "LA",
      "iso_numeric": "418",
      "name_en": "Lao People's Democratic Republic",
      "name_native": "Lao People's Democratic Republic",
      "un_region": "Asia",
      "un_subregion": "South-eastern Asia"
    },
    {
      "id": "LVA",
      "iso2": "LV",
      "iso_numeric": "428",
      "name_en": "Latvia",
      "name_native": "Latvia",
      "un_region": "Europe",
      "un_subregion": "Northern Europe"
    },
    {
      "id": "LBN",
      "iso2": "LB",
      "iso_numeric": "422",
      "name_en": "Lebanon",
      "name_native": "Lebanon",
      "un_region": "Asia",
      "un_subregion": "Western Asia"
    },
    {
      "id": "LSO",
      "iso2": "LS",
      "iso_numeric": "426",
      "name_en": "Lesotho",
      "name_native": "Lesotho",
      "un_region": "Africa",
      "un_subregion": "Sub-Saharan Africa"
    },
    {
      "id": "LBR",
      "iso2": "LR",
      "iso_numeric": "430",
      "name_en": "Liberia",
      "name_native": "Liberia",
      "un_region": "Africa",
      "un_subregion": "Sub-Saharan Africa"
    },
    {
      "id": "LBY",
      "iso2": "LY",
      "iso_numeric": "434",
      "name_en": "Libya",
      "name_native": "Libya",
      "un_region": "Africa",
      "un_subregion": "Northern Africa"
    },
    {
      "id": "LIE",
      "iso2": "LI",
      "iso_numeric": "438",
      "name_en": "Liechtenstein",
      "name_native": "Liechtenstein",
      "un_region": "Europe",
      "un_subregion": "Western Europe"
    },
    {
      "id": "LTU",
      "iso2": "LT",
      "iso_numeric": "440",
      "name_en": "Lithuania",
      "name_native": "Lithuania",
      "un_region": "Europe",
      "un_subregion": "Northern Europe"
    },
    {
      "id": "LUX",
      "iso2": "LU",
      "iso_numeric": "442",
      "name_en": "Luxembourg",
      "name_native": "Luxembourg",
      "un_region": "Europe",
      "un_subregion": "Western Europe"
    },
    {
      "id": "MAC",
      "iso2": "MO",
      "iso_numeric": "446",
      "name_en": "Macao",
      "name_native": "Macao",
      "un_region": "Asia",
      "un_subregion": "Eastern Asia"
    },
    {
      "id": "MDG",
      "iso2": "MG",
      "iso_numeric": "450",
      "name_en": "Madagascar",
      "name_native": "Madagascar",
      "un_region": "Africa",
      "un_subregion": "Sub-Saharan Africa"
    },
    {
      "id": "MWI",
      "iso2": "MW",
      "iso_numeric": "454",
      "name_en": "Malawi",
      "name_native": "Malawi",
      "un_region": "Africa",
      "un_subregion": "Sub-Saharan Africa"
    },
    {
      "id": "MYS",
      "iso2": "MY",
      "iso_numeric": "458",
      "name_en": "Malaysia",
      "name_native": "Malaysia",
      "un_region": "Asia",
      "un_subregion": "South-eastern Asia"
    },
    {
      "id": "MDV",
      "iso2": "MV",
      "iso_numeric": "462",
      "name_en": "Maldives",
      "name_native": "Maldives",
      "un_region": "Asia",
      "un_subregion": "Southern Asia"
    },
    {
      "id": "MLI",
      "iso2": "ML",
      "iso_numeric": "466",
      "name_en": "Mali",
      "name_native": "Mali",
      "un_region": "Africa",
      "un_subregion": "Sub-Saharan Africa"
    },
    {
      "id": "MLT",
      "iso2": "MT",
      "iso_numeric": "470",
      "name_en": "Malta",
      "name_native": "Malta",
      "un_region": "Europe",
      "un_subregion": "Southern Europe"
    },
    {
      "id": "MHL",
      "iso2": "MH",
      "iso_numeric": "584",
      "name_en": "Marshall Islands",
      "name_native": "Marshall Islands",
      "un_region": "Oceania",
      "un_subregion": "Micronesia"
    },
    {
      "id": "MTQ",
      "iso2": "MQ",
      "iso_numeric": "474",
      "name_en": "Martinique",
      "name_native": "Martinique",
      "un_region": "Americas",
      "un_subregion": "Latin America and the Caribbean"
    },
    {
      "id": "MRT",
      "iso2": "MR",
      "iso_numeric": "478",
      "name_en": "Mauritania",
      "name_native": "Mauritania",
      "un_region": "Africa",
      "un_subregion": "Sub-Saharan Africa"
    },
    {
      "id": "MUS",
      "iso2": "MU",
      "iso_numeric": "480",
      "name_en": "Mauritius",
      "name_native": "Mauritius",
      "un_region": "Africa",
      "un_subregion": "Sub-Saharan Africa"
    },
    {
      "id": "MYT",
      "iso2": "YT",
      "iso_numeric": "175",
      "name_en": "Mayotte",
      "name_native": "Mayotte",
      "un_region": "Africa",
      "un_subregion": "Sub-Saharan Africa"
    },
    {
      "id": "MEX",
      "iso2": "MX",
      "iso_numeric": "484",
      "name_en": "Mexico",
      "name_native": "Mexico",
      "un_region": "Americas",
      "un_subregion": "Latin America and the Caribbean"
    },
    {
      "id": "FSM",
      "iso2": "FM",
      "iso_numeric": "583",
      "name_en": "Micronesia, Federated States of",
      "name_native": "Micronesia, Federated States of",
      "un_region": "Oceania",
      "un_subregion": "Micronesia"
    },
    {
      "id": "MDA",
      "iso2": "MD",
      "iso_numeric": "498",
      "name_en": "Moldova, Republic of",
      "name_native": "Moldova, Republic of",
      "un_region": "Europe",
      "un_subregion": "Eastern Europe"
    },
    {
      "id": "MCO",
      "iso2": "MC",
      "iso_numeric": "492",
      "name_en": "Monaco",
      "name_native": "Monaco",
      "un_region": "Europe",
      "un_subregion": "Western Europe"
    },
    {
      "id": "MNG",
      "iso2": "MN",
      "iso_numeric": "496",
      "name_en": "Mongolia",
      "name_native": "Mongolia",
      "un_region": "Asia",
      "un_subregion": "Eastern Asia"
    },
    {
      "id": "MNE",
      "iso2": "ME",
      "iso_numeric": "499",
      "name_en": "Montenegro",
      "name_native": "Montenegro",
      "un_region": "Europe",
      "un_subregion": "Southern Europe"
    },
    {
      "id": "MSR",
      "iso2": "MS",
      "iso_numeric": "500",
      "name_en": "Montserrat",
      "name_native": "Montserrat",
      "un_region": "Americas",
      "un_subregion": "Latin America and the Caribbean"
    },
    {
      "id": "MAR",
      "iso2": "MA",
      "iso_numeric": "504",
      "name_en": "Morocco",
      "name_native": "Morocco",
      "un_region": "Africa",
      "un_subregion": "Northern Africa"
    },
    {
      "id": "MOZ",
      "iso2": "MZ",
      "iso_numeric": "508",
      "name_en": "Mozambique",
      "name_native": "Mozambique",
      "un_region": "Africa",
      "un_subregion": "Sub-Saharan Africa"
    },
    {
      "id": "MMR",
      "iso2": "MM",
      "iso_numeric": "104",
      "name_en": "Myanmar",
      "name_native": "Myanmar",
      "un_region": "Asia",
      "un_subregion": "South-eastern Asia"
    },
    {
      "id": "NAM",
      "iso2": "NA",
      "iso_numeric": "516",
      "name_en": "Namibia",
      "name_native": "Namibia",
      "un_region": "Africa",
      "un_subregion": "Sub-Saharan Africa"
    },
    {
      "id": "NRU",
      "iso2": "NR",
      "iso_numeric": "520",
      "name_en": "Nauru",
      "name_native": "Nauru",
      "un_region": "Oceania",
      "un_subregion": "Micronesia"
    },
    {
      "id": "NPL",
      "iso2": "NP",
      "iso_numeric": "524",
      "name_en": "Nepal",
      "name_native": "Nepal",
      "un_region": "Asia",
      "un_subregion": "Southern Asia"
    },
    {
      "id": "NLD",
      "iso2": "NL",
      "iso_numeric": "528",
      "name_en": "Netherlands, Kingdom of the",
      "name_native": "Netherlands, Kingdom of the",
      "un_region": "Europe",
      "un_subregion": "Western Europe"
    },
    {
      "id": "NCL",
      "iso2": "NC",
      "iso_numeric": "540",
      "name_en": "New Caledonia",
      "name_native": "New Caledonia",
      "un_region": "Oceania",
      "un_subregion": "Melanesia"
    },
    {
      "id": "NZL",
      "iso2": "NZ",
      "iso_numeric": "554",
      "name_en": "New Zealand",
      "name_native": "New Zealand",
      "un_region": "Oceania",
      "un_subregion": "Australia and New Zealand"
    },
    {
      "id": "NIC",
      "iso2": "NI",
      "iso_numeric": "558",
      "name_en": "Nicaragua",
      "name_native": "Nicaragua",
      "un_region": "Americas",
      "un_subregion": "Latin America and the Caribbean"
    },
    {
      "id": "NER",
      "iso2": "NE",
      "iso_numeric": "562",
      "name_en": "Niger",
      "name_native": "Niger",
      "un_region": "Africa",
      "un_subregion": "Sub-Saharan Africa"
    },
    {
      "id": "NGA",
      "iso2": "NG",
      "iso_numeric": "566",
      "name_en": "Nigeria",
      "name_native": "Nigeria",
      "un_region": "Africa",
      "un_subregion": "Sub-Saharan Africa"
    },
    {
      "id": "NIU",
      "iso2": "NU",
      "iso_numeric": "570",
      "name_en": "Niue",
      "name_native": "Niue",
      "un_region": "Oceania",
      "un_subregion": "Polynesia"
    },
    {
      "id": "NFK",
      "iso2": "NF",
      "iso_numeric": "574",
      "name_en": "Norfolk Island",
      "name_native": "Norfolk Island",
      "un_region": "Oceania",
      "un_subregion": "Australia and New Zealand"
    },
    {
      "id": "MKD",
      "iso2": "MK",
      "iso_numeric": "807",
      "name_en": "North Macedonia",
      "name_native": "North Macedonia",
      "un_region": "Europe",
      "un_subregion": "Southern Europe"
    },
    {
      "id": "MNP",
      "iso2": "MP",
      "iso_numeric": "580",
      "name_en": "Northern Mariana Islands",
      "name_native": "Northern Mariana Islands",
      "un_region": "Oceania",
      "un_subregion": "Micronesia"
    },
    {
      "id": "NOR",
      "iso2": "NO",
      "iso_numeric": "578",
      "name_en": "Norway",
      "name_native": "Norway",
      "un_region": "Europe",
      "un_subregion": "Northern Europe"
    },
    {
      "id": "OMN",
      "iso2": "OM",
      "iso_numeric": "512",
      "name_en": "Oman",
      "name_native": "Oman",
      "un_region": "Asia",
      "un_subregion": "Western Asia"
    },
    {
      "id": "PAK",
      "iso2": "PK",
      "iso_numeric": "586",
      "name_en": "Pakistan",
      "name_native": "Pakistan",
      "un_region": "Asia",
      "un_subregion": "Southern Asia"
    },
    {
      "id": "PLW",
      "iso2": "PW",
      "iso_numeric": "585",
      "name_en": "Palau",
      "name_native": "Palau",
      "un_region": "Oceania",
      "un_subregion": "Micronesia"
    },
    {
      "id": "PSE",
      "iso2": "PS",
      "iso_numeric": "275",
      "name_en": "Palestine, State of",
      "name_native": "Palestine, State of",
      "un_region": "Asia",
      "un_subregion": "Western Asia"
    },
    {
      "id": "PAN",
      "iso2": "PA",
      "iso_numeric": "591",
      "name_en": "Panama",
      "name_native": "Panama",
      "un_region": "Americas",
      "un_subregion": "Latin America and the Caribbean"
    },
    {
      "id": "PNG",
      "iso2": "PG",
      "iso_numeric": "598",
      "name_en": "Papua New Guinea",
      "name_native": "Papua New Guinea",
      "un_region": "Oceania",
      "un_subregion": "Melanesia"
    },
    {
      "id": "PRY",
      "iso2": "PY",
      "iso_numeric": "600",
      "name_en": "Paraguay",
      "name_native": "Paraguay",
      "un_region": "Americas",
      "un_subregion": "Latin America and the Caribbean"
    },
    {
      "id": "PER",
      "iso2": "PE",
      "iso_numeric": "604",
      "name_en": "Peru",
      "name_native": "Peru",
      "un_region": "Americas",
      "un_subregion": "Latin America and the Caribbean"
    },
    {
      "id": "PHL",
      "iso2": "PH",
      "iso_numeric": "608",
      "name_en": "Philippines",
      "name_native": "Philippines",
      "un_region": "Asia",
      "un_subregion": "South-eastern Asia"
    },
    {
      "id": "PCN",
      "iso2": "PN",
      "iso_numeric": "612",
      "name_en": "Pitcairn",
      "name_native": "Pitcairn",
      "un_region": "Oceania",
      "un_subregion": "Polynesia"
    },
    {
      "id": "POL",
      "iso2": "PL",
      "iso_numeric": "616",
      "name_en": "Poland",
      "name_native": "Poland",
      "un_region": "Europe",
      "un_subregion": "Eastern Europe"
    },
    {
      "id": "PRT",
      "iso2": "PT",
      "iso_numeric": "620",
      "name_en": "Portugal",
      "name_native": "Portugal",
      "un_region": "Europe",
      "un_subregion": "Southern Europe"
    },
    {
      "id": "PRI",
      "iso2": "PR",
      "iso_numeric": "630",
      "name_en": "Puerto Rico",
      "name_native": "Puerto Rico",
      "un_region": "Americas",
      "un_subregion": "Latin America and the Caribbean"
    },
    {
      "id": "QAT",
      "iso2": "QA",
      "iso_numeric": "634",
      "name_en": "Qatar",
      "name_native": "Qatar",
      "un_region": "Asia",
      "un_subregion": "Western Asia"
    },
    {
      "id": "REU",
      "iso2": "RE",
      "iso_numeric": "638",
      "name_en": "Réunion",
      "name_native": "Réunion",
      "un_region": "Africa",
      "un_subregion": "Sub-Saharan Africa"
    },
    {
      "id": "ROU",
      "iso2": "RO",
      "iso_numeric": "642",
      "name_en": "Romania",
      "name_native": "Romania",
      "un_region": "Europe",
      "un_subregion": "Eastern Europe"
    },
    {
      "id": "RUS",
      "iso2": "RU",
      "iso_numeric": "643",
      "name_en": "Russian Federation",
      "name_native": "Russian Federation",
      "un_region": "Europe",
      "un_subregion": "Eastern Europe"
    },
    {
      "id": "RWA",
      "iso2": "RW",
      "iso_numeric": "646",
      "name_en": "Rwanda",
      "name_native": "Rwanda",
      "un_region": "Africa",
      "un_subregion": "Sub-Saharan Africa"
    },
    {
      "id": "BLM",
      "iso2": "BL",
      "iso_numeric": "652",
      "name_en": "Saint Barthélemy",
      "name_native": "Saint Barthélemy",
      "un_region": "Americas",
      "un_subregion": "Latin America and the Caribbean"
    },
    {
      "id": "SHN",
      "iso2": "SH",
      "iso_numeric": "654",
      "name_en": "Saint Helena, Ascension and Tristan da Cunha",
      "name_native": "Saint Helena, Ascension and Tristan da Cunha",
      "un_region": "Africa",
      "un_subregion": "Sub-Saharan Africa"
    },
    {
      "id": "KNA",
      "iso2": "KN",
      "iso_numeric": "659",
      "name_en": "Saint Kitts and Nevis",
      "name_native": "Saint Kitts and Nevis",
      "un_region": "Americas",
      "un_subregion": "Latin America and the Caribbean"
    },
    {
      "id": "LCA",
      "iso2": "LC",
      "iso_numeric": "662",
      "name_en": "Saint Lucia",
      "name_native": "Saint Lucia",
      "un_region": "Americas",
      "un_subregion": "Latin America and the Caribbean"
    },
    {
      "id": "MAF",
      "iso2": "MF",
      "iso_numeric": "663",
      "name_en": "Saint Martin (French part)",
      "name_native": "Saint Martin (French part)",
      "un_region": "Americas",
      "un_subregion": "Latin America and the Caribbean"
    },
    {
      "id": "SPM",
      "iso2": "PM",
      "iso_numeric": "666",
      "name_en": "Saint Pierre and Miquelon",
      "name_native": "Saint Pierre and Miquelon",
      "un_region": "Americas",
      "un_subregion": "Northern America"
    },
    {
      "id": "VCT",
      "iso2": "VC",
      "iso_numeric": "670",
      "name_en": "Saint Vincent and the Grenadines",
      "name_native": "Saint Vincent and the Grenadines",
      "un_region": "Americas",
      "un_subregion": "Latin America and the Caribbean"
    },
    {
      "id": "WSM",
      "iso2": "WS",
      "iso_numeric": "882",
      "name_en": "Samoa",
      "name_native": "Samoa",
      "un_region": "Oceania",
      "un_subregion": "Polynesia"
    },
    {
      "id": "SMR",
      "iso2": "SM",
      "iso_numeric": "674",
      "name_en": "San Marino",
      "name_native": "San Marino",
      "un_region": "Europe",
      "un_subregion": "Southern Europe"
    },
    {
      "id": "STP",
      "iso2": "ST",
      "iso_numeric": "678",
      "name_en": "Sao Tome and Principe",
      "name_native": "Sao Tome and Principe",
      "un_region": "Africa",
      "un_subregion": "Sub-Saharan Africa"
    },
    {
      "id": "SAU",
      "iso2": "SA",
      "iso_numeric": "682",
      "name_en": "Saudi Arabia",
      "name_native": "Saudi Arabia",
      "un_region": "Asia",
      "un_subregion": "Western Asia"
    },
    {
      "id": "SEN",
      "iso2": "SN",
      "iso_numeric": "686",
      "name_en": "Senegal",
      "name_native": "Senegal",
      "un_region": "Africa",
      "un_subregion": "Sub-Saharan Africa"
    },
    {
      "id": "SRB",
      "iso2": "RS",
      "iso_numeric": "688",
      "name_en": "Serbia",
      "name_native": "Serbia",
      "un_region": "Europe",
      "un_subregion": "Southern Europe"
    },
    {
      "id": "SYC",
      "iso2": "SC",
      "iso_numeric": "690",
      "name_en": "Seychelles",
      "name_native": "Seychelles",
      "un_region": "Africa",
      "un_subregion": "Sub-Saharan Africa"
    },
    {
      "id": "SLE",
      "iso2": "SL",
      "iso_numeric": "694",
      "name_en": "Sierra Leone",
      "name_native": "Sierra Leone",
      "un_region": "Africa",
      "un_subregion": "Sub-Saharan Africa"
    },
    {
      "id": "SGP",
      "iso2": "SG",
      "iso_numeric": "702",
      "name_en": "Singapore",
      "name_native": "Singapore",
      "un_region": "Asia",
      "un_subregion": "South-eastern Asia"
    },
    {
      "id": "SXM",
      "iso2": "SX",
      "iso_numeric": "534",
      "name_en": "Sint Maarten (Dutch part)",
      "name_native": "Sint Maarten (Dutch part)",
      "un_region": "Americas",
      "un_subregion": "Latin America and the Caribbean"
    },
    {
      "id": "SVK",
      "iso2": "SK",
      "iso_numeric": "703",
      "name_en": "Slovakia",
      "name_native": "Slovakia",
      "un_region": "Europe",
      "un_subregion": "Eastern Europe"
    },
    {
      "id": "SVN",
      "iso2": "SI",
      "iso_numeric": "705",
      "name_en": "Slovenia",
      "name_native": "Slovenia",
      "un_region": "Europe",
      "un_subregion": "Southern Europe"
    },
    {
      "id": "SLB",
      "iso2": "SB",
      "iso_numeric": "090",
      "name_en": "Solomon Islands",
      "name_native": "Solomon Islands",
      "un_region": "Oceania",
      "un_subregion": "Melanesia"
    },
    {
      "id": "SOM",
      "iso2": "SO",
      "iso_numeric": "706",
      "name_en": "Somalia",
      "name_native": "Somalia",
      "un_region": "Africa",
      "un_subregion": "Sub-Saharan Africa"
    },
    {
      "id": "ZAF",
      "iso2": "ZA",
      "iso_numeric": "710",
      "name_en": "South Africa",
      "name_native": "South Africa",
      "un_region": "Africa",
      "un_subregion": "Sub-Saharan Africa"
    },
    {
      "id": "SGS",
      "iso2": "GS",
      "iso_numeric": "239",
      "name_en": "South Georgia and the South Sandwich Islands",
      "name_native": "South Georgia and the South Sandwich Islands",
      "un_region": "Americas",
      "un_subregion": "Latin America and the Caribbean"
    },
    {
      "id": "SSD",
      "iso2": "SS",
      "iso_numeric": "728",
      "name_en": "South Sudan",
      "name_native": "South Sudan",
      "un_region": "Africa",
      "un_subregion": "Sub-Saharan Africa"
    },
    {
      "id": "ESP",
      "iso2": "ES",
      "iso_numeric": "724",
      "name_en": "Spain",
      "name_native": "Spain",
      "un_region": "Europe",
      "un_subregion": "Southern Europe"
    },
    {
      "id": "LKA",
      "iso2": "LK",
      "iso_numeric": "144",
      "name_en": "Sri Lanka",
      "name_native": "Sri Lanka",
      "un_region": "Asia",
      "un_subregion": "Southern Asia"
    },
    {
      "id": "SDN",
      "iso2": "SD",
      "iso_numeric": "729",
      "name_en": "Sudan",
      "name_native": "Sudan",
      "un_region": "Africa",
      "un_subregion": "Northern Africa"
    },
    {
      "id": "SUR",
      "iso2": "SR",
      "iso_numeric": "740",
      "name_en": "Suriname",
      "name_native": "Suriname",
      "un_region": "Americas",
      "un_subregion": "Latin America and the Caribbean"
    },
    {
      "id": "SJM",
      "iso2": "SJ",
      "iso_numeric": "744",
      "name_en": "Svalbard and Jan Mayen",
      "name_native": "Svalbard and Jan Mayen",
      "un_region": "Europe",
      "un_subregion": "Northern Europe"
    },
    {
      "id": "SWE",
      "iso2": "SE",
      "iso_numeric": "752",
      "name_en": "Sweden",
      "name_native": "Sweden",
      "un_region": "Europe",
      "un_subregion": "Northern Europe"
    },
    {
      "id": "CHE",
      "iso2": "CH",
      "iso_numeric": "756",
      "name_en": "Switzerland",
      "name_native": "Switzerland",
      "un_region": "Europe",
      "un_subregion": "Western Europe"
    },
    {
      "id": "SYR",
      "iso2": "SY",
      "iso_numeric": "760",
      "name_en": "Syrian Arab Republic",
      "name_native": "Syrian Arab Republic",
      "un_region": "Asia",
      "un_subregion": "Western Asia"
    },
    {
      "id": "TWN",
      "iso2": "TW",
      "iso_numeric": "158",
      "name_en": "Taiwan, Province of China",
      "name_native": "Taiwan, Province of China",
      "un_region": "Asia",
      "un_subregion": "Eastern Asia"
    },
    {
      "id": "TJK",
      "iso2": "TJ",
      "iso_numeric": "762",
      "name_en": "Tajikistan",
      "name_native": "Tajikistan",
      "un_region": "Asia",
      "un_subregion": "Central Asia"
    },
    {
      "id": "TZA",
      "iso2": "TZ",
      "iso_numeric": "834",
      "name_en": "Tanzania, United Republic of",
      "name_native": "Tanzania, United Republic of",
      "un_region": "Africa",
      "un_subregion": "Sub-Saharan Africa"
    },
    {
      "id": "THA",
      "iso2": "TH",
      "iso_numeric": "764",
      "name_en": "Thailand",
      "name_native": "Thailand",
      "un_region": "Asia",
      "un_subregion": "South-eastern Asia"
    },
    {
      "id": "TLS",
      "iso2": "TL",
      "iso_numeric": "626",
      "name_en": "Timor-Leste",
      "name_native": "Timor-Leste",
      "un_region": "Asia",
      "un_subregion": "South-eastern Asia"
    },
    {
      "id": "TGO",
      "iso2": "TG",
      "iso_numeric": "768",
      "name_en": "Togo",
      "name_native": "Togo",
      "un_region": "Africa",
      "un_subregion": "Sub-Saharan Africa"
    },
    {
      "id": "TKL",
      "iso2": "TK",
      "iso_numeric": "772",
      "name_en": "Tokelau",
      "name_native": "Tokelau",
      "un_region": "Oceania",
      "un_subregion": "Polynesia"
    },
    {
      "id": "TON",
      "iso2": "TO",
      "iso_numeric": "776",
      "name_en": "Tonga",
      "name_native": "Tonga",
      "un_region": "Oceania",
      "un_subregion": "Polynesia"
    },
    {
      "id": "TTO",
      "iso2": "TT",
      "iso_numeric": "780",
      "name_en": "Trinidad and Tobago",
      "name_native": "Trinidad and Tobago",
      "un_region": "Americas",
      "un_subregion": "Latin America and the Caribbean"
    },
    {
      "id": "TUN",
      "iso2": "TN",
      "iso_numeric": "788",
      "name_en": "Tunisia",
      "name_native": "Tunisia",
      "un_region": "Africa",
      "un_subregion": "Northern Africa"
    },
    {
      "id": "TUR",
      "iso2": "TR",
      "iso_numeric": "792",
      "name_en": "Türkiye",
      "name_native": "Türkiye",
      "un_region": "Asia",
      "un_subregion": "Western Asia"
    },
    {
      "id": "TKM",
      "iso2": "TM",
      "iso_numeric": "795",
      "name_en": "Turkmenistan",
      "name_native": "Turkmenistan",
      "un_region": "Asia",
      "un_subregion": "Central Asia"
    },
    {
      "id": "TCA",
      "iso2": "TC",
      "iso_numeric": "796",
      "name_en": "Turks and Caicos Islands",
      "name_native": "Turks and Caicos Islands",
      "un_region": "Americas",
      "un_subregion": "Latin America and the Caribbean"
    },
    {
      "id": "TUV",
      "iso2": "TV",
      "iso_numeric": "798",
      "name_en": "Tuvalu",
      "name_native": "Tuvalu",
      "un_region": "Oceania",
      "un_subregion": "Polynesia"
    },
    {
      "id": "UGA",
      "iso2": "UG",
      "iso_numeric": "800",
      "name_en": "Uganda",
      "name_native": "Uganda",
      "un_region": "Africa",
      "un_subregion": "Sub-Saharan Africa"
    },
    {
      "id": "UKR",
      "iso2": "UA",
      "iso_numeric": "804",
      "name_en": "Ukraine",
      "name_native": "Ukraine",
      "un_region": "Europe",
      "un_subregion": "Eastern Europe"
    },
    {
      "id": "ARE",
      "iso2": "AE",
      "iso_numeric": "784",
      "name_en": "United Arab Emirates",
      "name_native": "United Arab Emirates",
      "un_region": "Asia",
      "un_subregion": "Western Asia"
    },
    {
      "id": "GBR",
      "iso2": "GB",
      "iso_numeric": "826",
      "name_en": "United Kingdom of Great Britain and Northern Ireland",
      "name_native": "United Kingdom of Great Britain and Northern Ireland",
      "un_region": "Europe",
      "un_subregion": "Northern Europe"
    },
    {
      "id": "USA",
      "iso2": "US",
      "iso_numeric": "840",
      "name_en": "United States of America",
      "name_native": "United States of America",
      "un_region": "Americas",
      "un_subregion": "Northern America"
    },
    {
      "id": "UMI",
      "iso2": "UM",
      "iso_numeric": "581",
      "name_en": "United States Minor Outlying Islands",
      "name_native": "United States Minor Outlying Islands",
      "un_region": "Oceania",
      "un_subregion": "Micronesia"
    },
    {
      "id": "URY",
      "iso2": "UY",
      "iso_numeric": "858",
      "name_en": "Uruguay",
      "name_native": "Uruguay",
      "un_region": "Americas",
      "un_subregion": "Latin America and the Caribbean"
    },
    {
      "id": "UZB",
      "iso2": "UZ",
      "iso_numeric": "860",
      "name_en": "Uzbekistan",
      "name_native": "Uzbekistan",
      "un_region": "Asia",
      "un_subregion": "Central Asia"
    },
    {
      "id": "VUT",
      "iso2": "VU",
      "iso_numeric": "548",
      "name_en": "Vanuatu",
      "name_native": "Vanuatu",
      "un_region": "Oceania",
      "un_subregion": "Melanesia"
    },
    {
      "id": "VEN",
      "iso2": "VE",
      "iso_numeric": "862",
      "name_en": "Venezuela, Bolivarian Republic of",
      "name_native": "Venezuela, Bolivarian Republic of",
      "un_region": "Americas",
      "un_subregion": "Latin America and the Caribbean"
    },
    {
      "id": "VNM",
      "iso2": "VN",
      "iso_numeric": "704",
      "name_en": "Viet Nam",
      "name_native": "Viet Nam",
      "un_region": "Asia",
      "un_subregion": "South-eastern Asia"
    },
    {
      "id": "VGB",
      "iso2": "VG",
      "iso_numeric": "092",
      "name_en": "Virgin Islands (British)",
      "name_native": "Virgin Islands (British)",
      "un_region": "Americas",
      "un_subregion": "Latin America and the Caribbean"
    },
    {
      "id": "VIR",
      "iso2": "VI",
      "iso_numeric": "850",
      "name_en": "Virgin Islands (U.S.)",
      "name_native": "Virgin Islands (U.S.)",
      "un_region": "Americas",
      "un_subregion": "Latin America and the Caribbean"
    },
    {
      "id": "WLF",
      "iso2": "WF",
      "iso_numeric": "876",
      "name_en": "Wallis and Futuna",
      "name_native": "Wallis and Futuna",
      "un_region": "Oceania",
      "un_subregion": "Polynesia"
    },
    {
      "id": "ESH",
      "iso2": "EH",
      "iso_numeric": "732",
      "name_en": "Western Sahara",
      "name_native": "Western Sahara",
      "un_region": "Africa",
      "un_subregion": "Northern Africa"
    },
    {
      "id": "YEM",
      "iso2": "YE",
      "iso_numeric": "887",
      "name_en": "Yemen",
      "name_native": "Yemen",
      "un_region": "Asia",
      "un_subregion": "Western Asia"
    },
    {
      "id": "ZMB",
      "iso2": "ZM",
      "iso_numeric": "894",
      "name_en": "Zambia",
      "name_native": "Zambia",
      "un_region": "Africa",
      "un_subregion": "Sub-Saharan Africa"
    },
    {
      "id": "ZWE",
      "iso2": "ZW",
      "iso_numeric": "716",
      "name_en": "Zimbabwe",
      "name_native": "Zimbabwe",
      "un_region": "Africa",
      "un_subregion": "Sub-Saharan Africa"
    }
  ]
}